{
  "ReRoutes": [
    {
      "DownstreamPathTemplate": "/api/user",
      "DownstreamScheme": "http",
      "DownstreamHostAndPorts": [
        {
          "Host": "localhost",
          "Port": "51608"
        }
      ],
      "UpstreamPathTemplate": "/user",
      "Key": "Users",
      "UpstreamHttpMethod": [ "GET", "POST" ],
      "AuthenticationOptions": {
        "AuthenticationProviderKey": "TestKey",
        "AllowedScopes": []
      }
    },
    {
      "DownstreamPathTemplate": "/api/user/{id}",
      "DownstreamScheme": "http",
      "DownstreamHostAndPorts": [
        {
          "Host": "localhost",
          "Port": "51608"
        }
      ],
      "UpstreamPathTemplate": "/user/{id}",
      "Key": "OneUser",
      "UpstreamHttpMethod": [ "GET" ]      
    },

    {
      "DownstreamPathTemplate": "/api/product/getProduct",
      "DownstreamScheme": "http",
      "DownstreamHostAndPorts": [
        {
          "Host": "localhost",
          "Port": "7251"
        }
      ],
      "UpstreamPathTemplate": "/getProduct",
      "Key": "Products"
    }
  ],

  "Aggregates": [
    {
      "ReRouteKeys": [
        "Users",
        "Products"
      ],
      "UpstreamPathTemplate": "/UserAndProductData"
    }
  ],

  "GlobalConfiguration": {
    "BaseUrl": "http://localhost:60787/"
  }
}